busname,bustype,Departing_time,Reaching_time,Duration,Price,rating,seats_available
APSRTC - 9048,Express Non AC Seater 2+3,03:30,10:30,07h 00m,296,4.3,43 Seats available
APSRTC - 5491,SAPTAGIRI EXPRESS,03:30,09:30,06h 00m,296,4.5,43 Seats available
APSRTC - 9775,"SUPER LUXURY (NON-AC, 2 + 2 PUSH BACK)",05:00,11:15,06h 15m,426,4.0,33 Seats available
APSRTC - 5627,"ULTRA DELUXE (NON-AC, 2+2 PUSH BACK)",05:45,11:45,06h 00m,345,3.8,33 Seats available
APSRTC - 3507,"SUPER LUXURY (NON-AC, 2 + 2 PUSH BACK)",06:00,12:30,06h 30m,426,4.1,33 Seats available
APSRTC - 5621,"ULTRA DELUXE (NON-AC, 2+2 PUSH BACK)",06:30,12:30,06h 00m,345,3.6,22 Seats available
APSRTC - 5519,SAPTAGIRI EXPRESS,06:30,13:00,06h 30m,296,4.0,41 Seats available
APSRTC - 5505,SAPTAGIRI EXPRESS,07:30,13:30,06h 00m,296,4.1,39 Seats available
APSRTC - 5074,INDRA(A.C. Seater),08:00,14:00,06h 00m,506,4.4,31 Seats available
APSRTC - 9036,Express Non AC Seater 2+3,08:30,14:50,06h 20m,296,3.7,45 Seats available
APSRTC - 3765,"SUPER LUXURY (NON-AC, 2 + 2 PUSH BACK)",09:00,15:45,06h 45m,426,4.5,33 Seats available
APSRTC - 9058,Express Non AC Seater 2+3,09:15,15:20,06h 05m,296,4.1,45 Seats available
APSRTC - 5724,Express Non AC Seater 2+3,09:30,16:00,06h 30m,327,3.8,34 Seats available
APSRTC - 5451,"SUPER LUXURY (NON-AC, 2 + 2 PUSH BACK)",10:30,16:30,06h 00m,426,3.5,33 Seats available
APSRTC - 5359,Express Non AC Seater 2+3,10:45,17:45,07h 00m,334,3.8,39 Seats available
APSRTC - 47172,INDRA(A.C. Seater),11:00,16:15,05h 15m,506,3.1,30 Seats available
APSRTC - 5455,"SUPER LUXURY (NON-AC, 2 + 2 PUSH BACK)",11:30,17:30,06h 00m,426,4.0,33 Seats available
APSRTC - 5080,AMARAVATHI (VOLVO / SCANIA A.C Multi Axle),12:00,17:25,05h 25m,674,3.9,39 Seats available
APSRTC - 5533,"SUPER LUXURY (NON-AC, 2 + 2 PUSH BACK)",13:00,19:00,06h 00m,426,3.4,33 Seats available
APSRTC - 5751,Express Non AC Seater 2+3,14:15,20:35,06h 20m,296,2.7,45 Seats available
APSRTC - 47577,"SUPER LUXURY (NON-AC, 2 + 2 PUSH BACK)",14:30,20:30,06h 00m,426,2.6,32 Seats available
APSRTC - 5513,SAPTAGIRI EXPRESS,14:45,20:45,06h 00m,301,2.7,43 Seats available
APSRTC - 35292,"SUPER LUXURY (NON-AC, 2 + 2 PUSH BACK)",15:00,21:30,06h 30m,426,3.9,33 Seats available
APSRTC - 2638,AMARAVATHI (VOLVO / SCANIA A.C Multi Axle),15:15,21:15,06h 00m,675,3.9,36 Seats available
APSRTC - 4022,"SUPER LUXURY (NON-AC, 2 + 2 PUSH BACK)",15:30,22:30,07h 00m,426,4.1,31 Seats available
APSRTC - 5471,SAPTAGIRI EXPRESS,15:30,21:30,06h 00m,296,3.8,43 Seats available
APSRTC - 9603,Express Non AC Seater 2+3,16:00,22:20,06h 20m,296,3.4,45 Seats available
APSRTC - 3879,"SUPER LUXURY (NON-AC, 2 + 2 PUSH BACK)",16:15,23:00,06h 45m,426,3.6,31 Seats available
APSRTC - 5467,SAPTAGIRI EXPRESS,16:30,22:30,06h 00m,296,3.6,40 Seats available
APSRTC - 4157,"SUPER LUXURY (NON-AC, 2 + 2 PUSH BACK)",16:45,23:00,06h 15m,426,3.8,31 Seats available
APSRTC - 4310,"SUPER LUXURY (NON-AC, 2 + 2 PUSH BACK)",17:15,23:00,05h 45m,426,3.9,31 Seats available
APSRTC - 9020,Express Non AC Seater 2+3,17:30,23:55,06h 25m,296,2.4,35 Seats available
APSRTC - 3871,VENNELA (A.C. SLEEPER),17:30,23:25,05h 55m,731,3.3,23 Seats available
APSRTC - 3873,AMARAVATHI (VOLVO / SCANIA A.C Multi Axle),17:30,00:30,07h 00m,674,1.7,41 Seats available
APSRTC - 94933,"SUPER LUXURY (NON-AC, 2 + 2 PUSH BACK)",17:45,23:30,05h 45m,426,3.8,31 Seats available
APSRTC - 4020,"SUPER LUXURY (NON-AC, 2 + 2 PUSH BACK)",18:15,23:50,05h 35m,426,2.8,31 Seats available
APSRTC - 47211,Express Non AC Seater 2+3,18:30,00:50,06h 20m,296,3.3,42 Seats available
APSRTC - 4610,"SUPER LUXURY (NON-AC, 2 + 2 PUSH BACK)",19:00,01:00,06h 00m,426,3.8,31 Seats available
APSRTC - 5082,"SUPER LUXURY (NON-AC, 2 + 2 PUSH BACK)",20:20,02:25,06h 05m,426,4.2,31 Seats available
APSRTC - 5501,SAPTAGIRI EXPRESS,20:30,02:30,06h 00m,296,3.9,40 Seats available
APSRTC - 4632,"SUPER LUXURY (NON-AC, 2 + 2 PUSH BACK)",20:40,03:00,06h 20m,426,3.6,33 Seats available
APSRTC - 5497,SAPTAGIRI EXPRESS,21:00,03:00,06h 00m,296,4.1,38 Seats available
APSRTC - 5084,"SUPER LUXURY (NON-AC, 2 + 2 PUSH BACK)",21:10,03:15,06h 05m,426,4.3,30 Seats available
APSRTC - 5119,"SUPER LUXURY (NON-AC, 2 + 2 PUSH BACK)",21:20,03:30,06h 10m,426,3.9,29 Seats available
APSRTC - 5457,"SUPER LUXURY (NON-AC, 2 + 2 PUSH BACK)",21:30,03:30,06h 00m,426,3.9,30 Seats available
APSRTC - 5672,Express Non AC Seater 2+3,21:30,03:55,06h 25m,296,4.0,43 Seats available
APSRTC - 5469,SAPTAGIRI EXPRESS,21:30,03:30,06h 00m,296,4.2,42 Seats available
APSRTC - 5094,"SUPER LUXURY (NON-AC, 2 + 2 PUSH BACK)",21:45,03:20,05h 35m,426,3.4,31 Seats available
APSRTC - 5315,"SUPER LUXURY (NON-AC, 2 + 2 PUSH BACK)",21:45,04:00,06h 15m,426,4.2,30 Seats available
APSRTC - 5449,"SUPER LUXURY (NON-AC, 2 + 2 PUSH BACK)",21:45,04:45,07h 00m,426,3.9,27 Seats available
APSRTC - 5052,VENNELA (A.C. SLEEPER),22:00,02:45,04h 45m,772,3.8,24 Seats available
APSRTC - 5625,Express Non AC Seater 2+3,22:00,04:00,06h 00m,296,3.9,43 Seats available
APSRTC - 5028,"SUPER LUXURY (NON-AC, 2 + 2 PUSH BACK)",22:00,03:35,05h 35m,426,4.4,31 Seats available
APSRTC - 5447,"SUPER LUXURY (NON-AC, 2 + 2 PUSH BACK)",22:10,04:10,06h 00m,426,4.3,30 Seats available
APSRTC - 5086,"SUPER LUXURY (NON-AC, 2 + 2 PUSH BACK)",22:25,04:00,05h 35m,426,4.2,31 Seats available
APSRTC - 47148,INDRA(A.C. Seater),22:30,03:45,05h 15m,506,4.1,36 Seats available
APSRTC - 47239,Express Non AC Seater 2+3,22:30,06:00,07h 30m,296,3.2,43 Seats available
APSRTC - 5459,SAPTAGIRI EXPRESS,23:00,05:00,06h 00m,296,3.9,38 Seats available
APSRTC - 5445,"SUPER LUXURY (NON-AC, 2 + 2 PUSH BACK)",23:15,04:40,05h 25m,426,3.7,31 Seats available
APSRTC - 5465,SAPTAGIRI EXPRESS,23:20,05:20,06h 00m,296,4.1,43 Seats available
APSRTC - 5453,"SUPER LUXURY (NON-AC, 2 + 2 PUSH BACK)",23:30,05:30,06h 00m,426,4.1,25 Seats available
APSRTC - 5461,SAPTAGIRI EXPRESS,23:55,05:55,06h 00m,296,3.9,40 Seats available
FRESHBUS,Electric A/C Seater (2+2),06:35,12:15,05h 40m,293,4.7,27 Seats available
FRESHBUS,Electric A/C Seater (2+2),22:30,03:45,05h 15m,398,4.6,27 Seats available
FRESHBUS,Electric A/C Seater (2+2),19:20,01:00,05h 40m,398,4.6,25 Seats available
AdYolo Bus,Bharat Benz A/C Seater /Sleeper (2+1),21:45,03:33,05h 48m,350,3.8,33 Seats available
FRESHBUS,Electric A/C Seater (2+2),08:25,14:05,05h 40m,294,4.6,29 Seats available
FRESHBUS,Electric A/C Seater (2+2),14:30,20:50,06h 20m,294,4.6,29 Seats available
FRESHBUS,Electric A/C Seater (2+2),12:35,18:15,05h 40m,294,4.6,34 Seats available
AdRK Travels,A/C Seater / Sleeper (2+1),21:00,03:50,06h 50m,350,3.6,32 Seats available
BSRM Travels,Non A/C Seater / Sleeper (2+1),20:45,03:50,07h 05m,359,4.6,25 Seats available
BSRM Travels,A/C Seater / Sleeper (2+1),21:00,04:00,07h 00m,332,4.7,21 Seats available
FRESHBUS,Electric A/C Seater (2+2),23:25,04:50,05h 25m,398,4.5,31 Seats available
FRESHBUS,Electric A/C Seater (2+2),23:40,05:20,05h 40m,337,4.6,34 Seats available
RCV Travels,A/C Seater / Sleeper (2+1),21:00,04:40,07h 40m,462,4.7,34 Seats available
Yolo Bus,Bharat Benz A/C Seater /Sleeper (2+1),13:45,20:08,06h 23m,350,4.3,31 Seats available
HYBUS,Bharat Benz A/C Sleeper (2+1),21:55,04:45,06h 50m,585,4.6,30 Seats available
Yolo Bus,Bharat Benz A/C Seater /Sleeper (2+1),14:55,21:39,06h 44m,350,4.1,30 Seats available
NueGo,Electric A/C Seater (2+2),07:00,12:30,05h 30m,332,4.2,39 Seats available
NueGo,Electric A/C Seater (2+2),06:00,11:30,05h 30m,332,4.3,41 Seats available
NueGo,Electric A/C Seater (2+2),23:00,05:15,06h 15m,332,4.2,35 Seats available
NueGo,Electric A/C Seater (2+2),22:00,03:30,05h 30m,332,4.3,32 Seats available
NueGo,Electric A/C Seater (2+2),23:50,05:20,05h 30m,332,4.1,36 Seats available
Yolo Bus,Bharat Benz A/C Seater /Sleeper (2+1),21:00,02:48,05h 48m,350,4.4,26 Seats available
NueGo,Electric A/C Seater (2+2),11:00,17:15,06h 15m,332,4.1,33 Seats available
Go Tour Travels and Holidays,A/C Sleeper (2+1),22:00,03:00,05h 00m,627,4.2,15 Seats available
NueGo,Electric A/C Seater (2+2),13:00,18:30,05h 30m,332,4.1,38 Seats available
NueGo,Electric A/C Seater (2+2),09:00,14:30,05h 30m,332,4.1,33 Seats available
NueGo,Electric A/C Seater (2+2),14:00,19:30,05h 30m,332,4.0,38 Seats available
Yolo Bus,Bharat Benz A/C Seater /Sleeper (2+1),06:00,12:23,06h 23m,350,4.3,26 Seats available
NueGo,Electric A/C Seater (2+2),05:00,11:15,06h 15m,332,4.0,30 Seats available
CHOPPA TRAVELS,Non A/C Seater / Sleeper (2+1),20:50,03:55,07h 05m,499,4.6,30 Seats available
GKT TRAVELS,A/C Seater/Sleeper (2+1),21:15,04:10,06h 55m,427,4.1,28 Seats available
HYBUS,Bharat Benz A/C Sleeper (2+1),22:30,04:00,05h 30m,585,4.4,29 Seats available
AGR Travels,A/C Sleeper (2+1),22:00,03:30,05h 30m,699,4.0,29 Seats available
NueGo,Electric A/C Seater (2+2),18:00,23:55,29h 55m,332,3.8,32 Seats available
Kaveri Travels,A/C Seater / Sleeper (2+1),19:00,23:30,04h 30m,549,3.7,34 Seats available
Rajeswari Travels,A/C Seater / Sleeper (2+1),21:00,04:00,07h 00m,400,3.5,31 Seats available
Rajeswari Travels,Non A/C Seater / Sleeper (2+1),22:15,03:45,05h 30m,400,3.6,29 Seats available
Rajeswari Travels,A/C Sleeper (2+1),21:15,04:05,06h 50m,650,3.6,20 Seats available
NueGo,Electric A/C Seater (2+2),20:00,01:30,05h 30m,332,4.0,38 Seats available
Yolo Bus,Bharat Benz A/C Seater /Sleeper (2+1),07:00,13:23,06h 23m,350,4.0,35 Seats available
Zingbus Plus,A/C Seater / Sleeper (2+1),20:50,01:30,04h 40m,508,4.0,40 Seats available
Kaveri Travels,VE A/C Sleeper (2+1),21:30,02:00,04h 30m,699,3.7,24 Seats available
RK Travels,Non A/C Seater / Sleeper (2+1),20:20,03:20,07h 00m,350,3.3,24 Seats available
IntrCity SmartBus,A/C Seater / Sleeper (2+1),22:40,02:50,04h 10m,539,4.7,39 Seats available
Metro Lines Travels,NON A/C Seater/ Sleeper (2+1),21:00,03:00,06h 00m,380,3.7,32 Seats available
Navayuga Travels,A/C Sleeper (2+1),18:10,22:40,04h 30m,649,4.0,31 Seats available
LUCKY TRAVELS,A/C Sleeper (2+1),22:45,04:00,05h 15m,549,3.9,26 Seats available
Vega Bus,A/C Seater / Sleeper (2+1),22:30,04:15,05h 45m,381,3.2,27 Seats available
ASHITHA TRAVELS,A/C Sleeper (2+1),21:40,03:45,06h 05m,570,4.2,24 Seats available
LUCKY TRAVELS,NON A/C Sleeper (2+1),22:50,04:20,05h 30m,599,3.8,16 Seats available
Jabbar Travels,Bharat Benz A/C Sleeper (2+1),22:45,03:30,04h 45m,495,4.0,30 Seats available
Jabbar Travels,NON A/C Sleeper (2+1),22:45,04:00,05h 15m,490,3.7,31 Seats available
IntrCity SmartBus,A/C Seater / Sleeper (2+1),20:40,00:55,04h 15m,539,4.4,40 Seats available
KMBT Travels,A/C Seater / Sleeper (2+1),21:30,03:00,05h 30m,569,3.9,21 Seats available
IntrCity SmartBus,A/C Seater / Sleeper (2+1),22:10,02:10,04h 00m,469,3.7,42 Seats available
AKHILA TRAVELS,A/C Semi Sleeper / Sleeper (2+1),22:40,03:01,04h 21m,549,3.7,26 Seats available
IntrCity SmartBus,A/C Seater / Sleeper (2+1),20:20,00:55,04h 35m,539,4.0,38 Seats available
Sri Vinayaka Travels,A/C Seater / Sleeper (2+1),23:00,03:30,04h 30m,399,4.0,37 Seats available
IntrCity SmartBus,A/C Seater / Sleeper (2+1),22:00,04:05,06h 05m,429,4.4,37 Seats available
Sri KVR Travels,Non A/C Seater / Sleeper (2+1),20:00,00:30,04h 30m,500,3.6,31 Seats available
Sri Vengamamba Bus Transport(SVBT),A/C Sleeper (2+1),20:30,01:30,05h 00m,700,4.0,21 Seats available
Jagan Travels,A/C Sleeper (2+1),16:45,21:30,04h 45m,599,3.9,23 Seats available
Simhapuri Travels,NON A/C Sleeper (2+1),23:00,03:00,04h 00m,549,3.7,18 Seats available
Sri Vengamamba Bus Transport(SVBT),Non A/C Seater / Sleeper (2+1),22:15,03:15,05h 00m,394,3.5,24 Seats available
V Kaveri Travels,Non A/C Seater / Sleeper (2+1),20:00,23:59,03h 59m,500,3.2,25 Seats available
Svkdt travels,A/C Sleeper (2+1),17:30,22:31,05h 01m,649,3.0,23 Seats available
Sri Vengamamba Bus Transport(SVBT),A/C Seater/Sleeper (2+1),21:40,03:00,05h 20m,450,3.9,25 Seats available
IRA Travels,Bharat Benz A/C Sleeper (2+1),22:30,03:00,04h 30m,729,4.4,28 Seats available
AKHILA TRAVELS,A/C Semi Sleeper / Sleeper (2+1),22:25,02:46,04h 21m,549,4.0,29 Seats available
Sri Vengamamba Bus Transport(SVBT),A/C Seater/Sleeper (2+1),21:00,01:15,04h 15m,500,3.7,24 Seats available
SRKT Travels,A/C Seater / Sleeper (2+1),20:00,00:40,04h 40m,700,4.3,33 Seats available
Sai Balaji Travels,A/C Seater / Sleeper (2+1),18:50,23:59,05h 09m,649,3.4,35 Seats available
IntrCity SmartBus,A/C Seater / Sleeper (2+1),21:40,02:05,04h 25m,539,3.5,36 Seats available
Rajeswari Travels,NON A/C Sleeper (2+1),21:10,04:00,06h 50m,650,3.6,18 Seats available
GreenLine Travels And Holidays,A/C Sleeper (2+1),20:15,02:15,06h 00m,1999,3.4,22 Seats available
Sai Sindhu Travels,NON A/C Sleeper (2+1),23:15,04:30,05h 15m,490,3.8,23 Seats available
RK Travels,Non A/C Seater / Sleeper (2+1),20:30,03:30,07h 00m,350,3.2,33 Seats available
RK Travels,Non A/C Seater / Sleeper (2+1),20:40,03:40,07h 00m,599,3.4,22 Seats available
GreenLine Travels And Holidays,NON A/C Sleeper (2+1),23:00,05:00,06h 00m,660,3.2,24 Seats available
Kamakshi Tours And Travels,A/C Sleeper (2+1),20:30,02:00,05h 30m,700,3.9,21 Seats available
CCC Bus,A/C Sleeper (2+1),19:45,23:54,04h 09m,899,4.6,28 Seats available
LUCKY TRAVELS,A/C Sleeper (2+1),20:25,04:00,07h 35m,700,3.8,20 Seats available
Jabbar Travels,VE A/C Sleeper (2+1),19:00,00:30,05h 30m,650,3.8,28 Seats available
CHOPPA TRAVELS,NON A/C Sleeper (2+1),21:00,03:30,06h 30m,499,4.1,18 Seats available
Sri Vengamamba Bus Transport(SVBT),A/C Sleeper (2+1),20:00,01:15,05h 15m,700,3.7,24 Seats available
Shree Manikanta Travels,Volvo 9600 Multi-Axle A/C Sleeper (2+1),15:30,20:20,04h 50m,699,3.6,28 Seats available
GreenLine Travels And Holidays,Non A/C Seater / Sleeper (2+1),22:00,04:00,06h 00m,530,3.4,32 Seats available
Yolo Bus,Bharat Benz A/C Seater /Sleeper (2+1),12:25,18:48,06h 23m,350,3.7,31 Seats available
KTC Travels,A/C Seater / Sleeper (2+1),22:30,04:45,06h 15m,400,3.3,30 Seats available
Varsha Travels,A/C Sleeper (2+1),22:30,04:15,05h 45m,1999,3.8,36 Seats available
Yolo Bus,Bharat Benz A/C Seater /Sleeper (2+1),22:45,04:33,05h 48m,390,3.1,33 Seats available
Yolo Bus,Bharat Benz A/C Seater /Sleeper (2+1),09:00,15:23,06h 23m,250,4.2,30 Seats available
Butterfly Holidays,VE A/C Sleeper (2+1),20:30,04:00,07h 30m,6999,4.3,27 Seats available
FlixBus,VE A/C Sleeper (2+1),00:50,05:20,04h 30m,320.54,4.1,4 Seats available
Kamakshi Tours And Travels,A/C Sleeper (2+1),20:30,02:00,05h 30m,700,3.9,23 Seats available
Rajeswari Travels,A/C Sleeper (2+1),21:15,04:05,06h 50m,750,3.6,24 Seats available
RK Travels,Non A/C Seater / Sleeper (2+1),20:10,02:46,06h 36m,499,3.4,31 Seats available
Balaji Tourist,Volvo Multi-Axle A/C Semisleeper (2+2),19:00,03:00,08h 00m,1500,3.0,1 Seat available
National travels,Bharat Benz A/C Sleeper (2+1),22:00,04:00,06h 00m,500,3.0,28 Seats available
JTS Tours and Travels,A/C Sleeper (2+1),23:30,03:59,04h 29m,540,2.5,18 Seats available
JTS Tours and Travels,A/C Sleeper (2+1),22:30,03:59,05h 29m,540,1.6,19 Seats available
Sri Venkataramana Travels,Non A/C Seater / Sleeper (2+1),20:00,02:30,06h 30m,567,1.0,32 Seats available
Dream Line Travels Pvt Ltd,A/C Sleeper (2+1),22:30,02:30,04h 00m,703,2.4,18 Seats available
Svkdt travels,A/C Sleeper (2+1),19:30,23:45,04h 15m,750,2.8,20 Seats available
Bharathi Travels,A/C Sleeper (2+1),23:55,05:00,05h 05m,495,2.0,21 Seats available
Sri Krishna Travels,Non A/C Seater / Sleeper (2+1),19:30,01:30,06h 00m,649,2.6,21 Seats available
Shyamoli Paribahan Pvt Ltd,Volvo 9600 A/C Seater/Sleeper (2+1),19:00,23:30,04h 30m,409,2.6,37 Seats available
Svkdt travels,A/C Sleeper (2+1),22:00,02:00,04h 00m,750,2.5,25 Seats available
Chaitra Sri Travels,Non A/C Seater / Sleeper (2+1),18:30,00:50,06h 20m,500,1.3,30 Seats available
SRKT Travels,A/C Seater / Sleeper (2+1),19:15,23:55,04h 40m,650,1.9,28 Seats available
RK Travels,Non A/C Seater / Sleeper (2+1),20:25,03:01,06h 36m,350,2.5,22 Seats available
Svkdt travels,A/C Sleeper (2+1),17:00,21:45,04h 45m,562,2.4,26 Seats available
RK Travels,Non A/C Seater / Sleeper (2+1),20:30,04:00,07h 30m,350,2.9,22 Seats available
Vihari Travels,A/C Seater/Sleeper (2+1),22:00,03:00,05h 00m,409,2.6,33 Seats available
Komitla Trans lines.,A/C Sleeper (2+1),21:00,03:00,06h 00m,699,1.9,27 Seats available
Chaitra Sri Travels,NON A/C Sleeper (2+1),19:15,01:45,06h 30m,699,1.3,25 Seats available
RDS Travels,NON A/C Sleeper (2+1),22:30,04:15,05h 45m,3999,2.9,36 Seats available
Manis Travels,Volvo Multi-Axle A/C Semi Sleeper (2+2),10:45,16:20,05h 35m,999,2.9,49 Seats available
Rajesh Transports,A/C Volvo B11R Multi-Axle Sleeper (2+1),23:20,03:30,04h 10m,999,4.5,29 Seats available
GreenLine Travels And Holidays,A/C Sleeper (2+1),21:15,04:15,07h 00m,820,3.9,30 Seats available
Rajesh Transports,A/C Volvo B11R Multi-Axle Sleeper (2+1),22:30,02:00,03h 30m,1080,4.8,32 Seats available
Rajesh Transports,A/C Sleeper (2+1),23:20,03:25,04h 05m,900,4.5,22 Seats available
Rajesh Transports,NON A/C Sleeper (2+1),15:30,20:00,04h 30m,1544,4.4,17 Seats available
Navayuga Travels,A/C Sleeper (2+1),16:20,21:15,04h 55m,830,4.2,26 Seats available
Shyamoli Paribahan Pvt Ltd,Volvo 9600 Multi-Axle A/C Sleeper (2+1),17:00,22:00,05h 00m,1109,4.3,11 Seats available
Shree Manikanta Travels,Volvo 9600 Multi-Axle A/C Sleeper (2+1),16:30,21:20,04h 50m,849,3.5,29 Seats available
Intercity travels,A/C Sleeper (2+1),22:30,03:30,05h 00m,799,4.5,26 Seats available
CCC Bus,A/C Sleeper (2+1),21:45,01:30,03h 45m,899,4.0,28 Seats available
Green Line Travels And Holidays Premium Business Class,VE Executive A/C Sleeper (1+1),23:00,04:00,05h 00m,1350,4.7,17 Seats available
Rajesh Transports,Volvo 9600 Multi-Axle A/C Sleeper (2+1),19:00,23:25,04h 25m,1010,4.2,24 Seats available
Rajesh Transports,A/C Sleeper (2+1),16:00,20:45,04h 45m,1675,4.0,26 Seats available
Shyamoli Paribahan Pvt Ltd,A/C Sleeper (2+1),17:10,22:20,05h 10m,810,4.5,21 Seats available
Sohan Tours & Travels,Bharat Benz A/C Sleeper (2+1),21:30,03:00,05h 30m,890,5.0,25 Seats available
Intercity travels,Bharat Benz A/C Sleeper (2+1),19:35,23:59,04h 24m,1011,4.5,19 Seats available
Zingbus Plus,Scania AC Multi Axle Sleeper (2+1),21:40,02:15,04h 35m,788,3.7,31 Seats available
Rajesh Transports,A/C Volvo B11R Multi-Axle Sleeper (2+1),22:30,02:30,04h 00m,1525,4.5,31 Seats available
IntrCity SmartBus,AC Sleeper (2+1),20:25,00:40,04h 15m,769,4.7,30 Seats available
Rajesh Transports,A/C Sleeper (2+1),18:15,22:40,04h 25m,1575,3.6,28 Seats available
Sri Tulasi Tours and Travels,A/C Sleeper (2+1),17:30,22:30,05h 00m,1290,4.2,18 Seats available
Sri Keerthana Sai Travels,A/C Sleeper (2+1),17:30,21:45,04h 15m,1199,4.2,30 Seats available
GreenLine Travels And Holidays,VE A/C Sleeper (2+1),22:30,04:00,05h 30m,900,4.5,22 Seats available
Rajesh Transports,NON A/C Sleeper (2+1),20:30,00:27,03h 57m,1255,3.4,29 Seats available
IRA Travels,A/C Sleeper (2+1),19:45,23:59,04h 14m,810,3.6,21 Seats available
Khushi Tourist,A/C Sleeper (2+1),22:30,04:00,05h 30m,3999,4.4,32 Seats available
Rajesh Transports,Volvo 9600 Multi-Axle A/C Sleeper (2+1),17:00,21:30,04h 30m,1509,4.4,30 Seats available
Express Line,Volvo 9600 Multi-Axle A/C Sleeper (2+1),19:00,23:30,04h 30m,949,4.4,23 Seats available
Shyamoli Paribahan Pvt Ltd,Volvo 9600 Multi-Axle A/C Sleeper (2+1),19:45,23:59,04h 14m,809,4.2,19 Seats available
Sri Tulasi Tours and Travels,A/C Sleeper (2+1),14:30,20:00,05h 30m,1100,4.2,19 Seats available
CHOPPA TRAVELS,A/C Sleeper (2+1),21:00,03:45,06h 45m,799,4.1,22 Seats available
Vega Bus,A/C Sleeper (2+1),22:10,03:50,05h 40m,2375,3.4,28 Seats available
Sai Vijetha Travels,Non A/C Seater / Sleeper (2+1),21:00,04:00,07h 00m,2850,0.0,52 Seats available
VRL Travels,Volvo Multi-Axle A/C Sleeper (2+1),17:00,21:00,04h 00m,1600,3.5,35 Seats available
Jagan Travels,A/C Sleeper (2+1),19:00,23:45,04h 45m,810,3.5,28 Seats available
GreenLine Travels And Holidays,A/C Sleeper (2+1),20:45,21:30,24h 45m,1999,3.5,24 Seats available
GreenLine Travels And Holidays,A/C Sleeper (2+1),23:15,04:30,05h 15m,900,3.3,30 Seats available
GreenLine Travels And Holidays,A/C Sleeper (2+1),20:45,03:00,06h 15m,4999,3.4,30 Seats available
GreenLine Travels And Holidays,A/C Sleeper (2+1),20:00,02:30,06h 30m,4999,3.4,30 Seats available
GreenLine Travels And Holidays,A/C Sleeper (2+1),20:15,02:15,06h 00m,4999,3.4,30 Seats available
GRV Yatrikha LLP,Scania AC Multi Axle Sleeper (2+1),22:30,03:00,04h 30m,799,3.8,13 Seats available
Jaishree Travels,Bharat Benz A/C Sleeper (2+1),16:00,20:40,04h 40m,6000,3.3,36 Seats available
National travels,VE A/C Sleeper (2+1),20:30,03:30,07h 00m,800,3.0,32 Seats available
KTC Travels,Non A/C Seater / Sleeper (2+1),22:00,04:30,06h 30m,1500,3.0,44 Seats available
Sri Krishna Travels,Volvo Multi Axle A/C Sleeper I-Shift B11R (2+1),21:30,02:00,04h 30m,900,3.0,27 Seats available
Sri Krishna Travels,A/C Sleeper (2+1),17:30,22:45,05h 15m,1100,3.0,30 Seats available
Sea Bird Tourist,Volvo Multi-Axle I-Shift B11R Semi Sleeper (2+2),20:15,23:45,27h 30m,1800,3.0,27 Seats available
Sri Krishna Travels,A/C Sleeper (2+1),19:00,23:30,04h 30m,1100,3.0,23 Seats available
Vibhav Holidays,Volvo Multi-Axle B9R A/c Semi Sleeper (2+2),20:00,23:00,27h 00m,1714,3.8,29 Seats available
BSR Tours And Travels,Volvo 9600 Multi-Axle A/C Sleeper (2+1),23:00,03:00,04h 00m,1000,4.4,24 Seats available
Rajesh Transports,A/C Volvo B11R Multi-Axle Sleeper (2+1),22:30,02:30,04h 00m,1525,4.4,25 Seats available
Yaswanth Travels,A/C Sleeper (2+1),18:00,23:30,05h 30m,2850,4.3,31 Seats available
Sri Tulasi Tours and Travels,A/C Sleeper (2+1),17:00,22:00,05h 00m,900,4.2,25 Seats available
Mayura Bus,A/C Sleeper (2+1),20:00,23:00,27h 00m,1999,3.9,14 Seats available
Sri Vengamamba Bus Transport (SVBT),Non A/C Seater / Sleeper (2+1),20:15,01:15,05h 00m,2300,3.7,32 Seats available
Sai RK Travels,A/C Sleeper (2+1),19:00,23:00,04h 00m,3499,3.6,24 Seats available
GreenLine Travels And Holidays,A/C Sleeper (2+1),20:30,21:15,24h 45m,1999,3.5,23 Seats available
VRL Travels,A/C Sleeper (2+1),21:30,01:00,03h 30m,1000,3.5,18 Seats available
VRL Travels,Volvo A/C B11R Multi Axle Semi Sleeper (2+2),18:15,22:15,04h 00m,1100,3.5,47 Seats available
Ramu Tours & Travels,A/C Seater / Sleeper (2+1),22:30,03:30,05h 00m,2000,3.4,30 Seats available
GreenLine Travels And Holidays,A/C Sleeper (2+1),20:30,03:00,06h 30m,4999,3.4,30 Seats available
V Kaveri Travels,VE A/C Sleeper (2+1),22:00,03:15,05h 15m,900,3.3,26 Seats available
Prasanna Travels,A/C Sleeper (2+1),19:00,23:30,04h 30m,900,3.3,30 Seats available
MRM Travels,A/C Seater / Sleeper (2+1),16:30,22:00,05h 30m,2841,3.3,48 Seats available
GreenLine Travels And Holidays,A/C Sleeper (2+1),22:45,04:45,06h 00m,4775,3.4,36 Seats available
Vibhav Holidays,A/C Sleeper (2+1),23:00,04:00,05h 00m,1500,3.2,30 Seats available
SRI VARAHA TOURS AND TRAVELS,Volvo Multi-Axle B9R A/c Semi Sleeper (2+2),22:45,04:30,05h 45m,1999,3.2,49 Seats available
Sri Krishna Travels,A/C Sleeper (2+1),21:15,01:55,04h 40m,999,3.0,29 Seats available
Sea Bird Tourist,A/C Sleeper (2+1),19:45,23:15,27h 30m,2000,3.0,17 Seats available
Balaji Tourist,Volvo Multi-Axle A/C Semisleeper (2+2),21:00,03:00,06h 00m,2000,3.0,1 Seat available
SVD Vedansh Travels,A/C Sleeper (2+1),14:30,21:00,06h 30m,890,2.1,30 Seats available
Shyamoli Paribahan Pvt Ltd,Volvo Multi Axle A/C Sleeper I-Shift B11R (2+1),22:30,01:45,03h 15m,1210,2.9,29 Seats available
Chalasani Travels (Kaleswari),A/C Sleeper (2+1),19:30,00:03,04h 33m,900,2.9,24 Seats available
Svkdt travels,Scania AC Multi Axle Sleeper (2+1),18:30,23:55,05h 25m,1000,1.9,27 Seats available
GreenLine Travels And Holidays,A/C Sleeper (2+1),20:00,22:00,26h 00m,1999,2.0,15 Seats available
Sri Krishna Travels,A/C Sleeper (2+1),22:30,03:00,04h 30m,2499,2.8,1 Seat available
Cherry Collars,Bharat Benz A/C Sleeper (2+1),17:00,22:20,05h 20m,1235,2.5,18 Seats available
GMC Travels,A/C Seater / Sleeper (2+1),17:00,21:20,04h 20m,880,2.8,38 Seats available
GreenLine Travels And Holidays,Volvo Multi Axle A/C Sleeper I-Shift B11R (2+1),22:45,05:00,06h 15m,799,2.8,36 Seats available
Komitla Trans lines.,NON A/C Sleeper (2+1),15:30,20:30,05h 00m,899,2.8,26 Seats available
Chalasani Travels (Kaleswari),A/C Sleeper (2+1),21:00,01:11,04h 11m,900,2.9,20 Seats available
Rapid Travels,NON A/C Sleeper (2+1),22:45,03:20,04h 35m,1199,1.8,20 Seats available
Durga Shree Travels,A/C Sleeper (2+1),21:05,21:35,24h 30m,2399,2.4,17 Seats available
Varsha Travels,A/C Sleeper (2+1),20:30,23:00,26h 30m,1899,1.9,24 Seats available
KKaveri Travels,Non A/C Seater / Sleeper (2+1),22:30,03:30,05h 00m,1090,1.4,30 Seats available
Morning Star Travels,A/C Sleeper (2+1),18:30,23:45,05h 15m,790,2.7,30 Seats available
Morning Star Travels,A/C Sleeper (2+1),18:30,23:50,05h 20m,790,2.7,30 Seats available
Morning Star Travels,Volvo Multi Axle A/C Sleeper I-Shift B11R (2+1),22:25,02:25,04h 00m,790,2.7,31 Seats available
Komitla Trans lines.,NON A/C Sleeper (2+1),22:00,01:55,03h 55m,798,2.2,25 Seats available
Varsha Travels,A/C Sleeper (2+1),21:30,21:00,23h 30m,1899,1.7,36 Seats available
Rapid Travels,NON A/C Sleeper (2+1),21:25,03:00,05h 35m,1699,1.9,24 Seats available
Varsha Travels,A/C Sleeper (2+1),19:30,23:00,27h 30m,1899,1.7,20 Seats available
Chalasani Travels (Kaleswari),A/C Sleeper (2+1),20:50,02:00,05h 10m,999,2.9,30 Seats available
Sri Keerthana Sai Travels,A/C Sleeper (2+1),17:30,21:45,04h 15m,1199,2.8,25 Seats available
Sri Keerthana Sai Travels,A/C Sleeper (2+1),17:30,21:45,04h 15m,1199,2.8,24 Seats available
Sri Keerthana Sai Travels,A/C Seater / Sleeper (2+1),17:30,21:45,04h 15m,1364,2.8,16 Seats available
Morning Star Travels,A/C Sleeper (2+1),17:45,22:30,04h 45m,990,2.7,30 Seats available
Harikrishna Travels,Non A/C Seater / Sleeper (2+1),21:00,01:30,04h 30m,3999,2.7,33 Seats available
Vibhav Holidays,A/C Sleeper (2+1),20:00,23:00,27h 00m,1904,2.8,1 Seat available
Sri Shanmukh Travels,A/C Sleeper (2+1),20:40,03:00,06h 20m,5000,2.3,30 Seats available
SVD Vedansh Travels,A/C Sleeper (2+1),17:55,22:45,04h 50m,849,2.1,29 Seats available
KKaveri Travels,Non A/C Seater / Sleeper (2+1),14:00,19:15,05h 15m,1590,1.4,33 Seats available
KKaveri Travels,Non A/C Seater / Sleeper (2+1),18:00,22:15,04h 15m,4000,1.4,33 Seats available
